Date,Actual,Basic_nn,Complex_nn,xgb,rf,Baseline
86144,10288.48,10043.475,9933.404,10194.518,9628.892011424125,10215.781
86145,10120.55,9925.136,9853.733,9896.077,9628.892011424125,10174.239
86146,9782.41,9791.968,9748.04,9766.907,9628.892011424125,10075.449
86147,9533.65,9571.192,9556.662,9550.154,9628.892011424125,9908.42
86148,9305.94,9495.885,9435.595,9613.614,9627.771394176809,9780.471
86149,9190.81,9285.564,9311.092,9442.92,9626.3906137276,9652.47
86150,9279.69,9153.094,9261.776,9380.351,9627.896958750209,9494.534
86151,9226.3,9038.801,9274.365,9451.045,9619.28103381364,9393.313
86152,9068.28,8923.796,9240.158,8932.852,9538.519465725629,9205.665
86153,8717.32,8826.501,9121.349,8623.005,9354.15545647691,9063.538
86154,8689.82,8666.74,8929.629,8663.919,9053.436646938017,8918.055
86155,8425.41,8448.846,8824.541,8512.568,8978.378207654867,8796.684
86156,8369.89,8304.196,8641.294,8439.358,8828.18764463684,8495.881
86157,8204.88,8240.108,8510.686,8239.566,8645.322990839839,8288.321
86158,7994.47,8189.3574,8320.6,7963.334,8448.145952285291,8119.6416
86159,7808.65,8137.57,8057.443,7893.4487,8357.195733255787,7885.741
86160,7601.44,7905.8477,7808.6836,7644.0605,8098.819616118666,7677.372
86161,7381.64,7579.514,7596.168,7342.2344,7931.980079419412,7409.2544
86162,7094.18,7333.5127,7409.387,6886.9,7868.098653998558,7183.643
86163,6793.53,7002.454,7137.704,6879.957,7863.841738615265,6933.5
86164,6584.69,6807.185,6901.38,6718.9463,7863.125067091379,6716.194
86165,6484.64,6697.4497,6719.685,6467.447,7863.125067091379,6649.017
86166,6456.63,6699.4414,6632.821,6639.62,7863.402785567704,6570.578
86167,6540.66,6726.7773,6679.9907,6588.7104,7863.402785567704,6639.1294
86168,6784.86,6883.2095,6898.2183,6807.965,7863.885020092687,6932.579
86169,7082.17,7262.691,7396.416,7133.1865,7872.621272951873,7270.532
86170,7678.85,7589.7246,7657.422,7774.244,7872.621272951873,7617.5967
86171,8235.04,8379.166,8130.077,8163.6606,7902.645615676097,8269.158
86172,8735.18,8895.64,8683.282,8774.652,7909.427844228324,8816.675
86173,9205.43,9255.239,9163.301,9033.282,8191.53994148526,9232.772
86174,9483.84,9427.718,9560.568,9533.084,8486.52102313261,9689.707
86175,9691.329999999998,9616.024,9761.559,9669.123,8815.13514864375,9911.667
86176,10008.14,9865.427,9861.512,9775.569,9095.741097672268,10084.494
86177,10180.54,10199.106,9989.059,10361.703,9341.733834519477,10227.694
86178,10334.9,10230.68,10102.759,10362.043,9497.718939114831,10333.851
86179,10428.26,10304.1,10210.712,10393.817,9556.434421115177,10566.733
86180,10492.29,10384.103,10278.968,10374.956,9602.294595443267,10707.762
86181,10588.92,10442.616,10354.9375,10476.326,9634.63574390505,10807.635
86182,10632.959999999995,10563.877,10444.787,10483.942,9647.95585096466,10863.13
86183,10612.06,10638.672,10469.117,10406.429,9655.986143620024,10844.044
86184,10675.83,10666.053,10480.228,10575.488,9658.540553544242,10876.551
86185,10736.76,10704.301,10485.1455,10580.397,9659.543827099624,10852.916
86186,10790.53,10713.237,10455.982,10797.866,9659.543827099624,10780.169
86187,10839.44,10698.448,10423.305,10808.372,9659.543827099624,10775.165
86188,10848.92,10688.337,10376.001,10860.212,9659.543827099624,10746.407
86189,10931.830000000002,10660.508,10303.895,10826.907,9659.543827099624,10691.985
86190,11031.76,10614.691,10232.521,10714.61,9659.543827099624,10651.508
86191,11047.46,10528.934,10176.238,10715.238,9659.543827099624,10589.861
86192,10932.42,10433.802,10152.011,10779.331,9659.543827099624,10552.266
86193,10775.83,10322.84,10099.473,10290.245,9659.543827099624,10508.002
86194,10378.18,10209.156,10016.178,10469.21,9659.543827099624,10431.63
86195,10139.37,9983.802,9861.61,9858.268,9659.543827099624,10297.251
86196,9882.06,9812.595,9732.587,9734.287,9633.30382268195,10155.837
86197,9718.94,9613.707,9618.658,9660.9375,9618.883470612982,10009.068
86198,9758.42,9443.657,9548.022,9649.307,9615.72670187622,9817.257
86199,9728.4,9249.7295,9503.82,9602.382,9628.954202281817,9677.147
86200,9455.02,9113.678,9427.906,9224.524,9483.294008994622,9509.311
86201,9113.64,8941.776,9306.591,9606.657,9198.48331126151,9354.569
86202,9034.31,8762.584,9094.831,8931.955,9079.765229445253,9109.592
86203,8736.05,8560.267,8986.981,8671.811,9050.788730719243,8864.641
86204,8580.3,8352.388,8828.478,8633.329,8848.787988037435,8529.141
86205,8316.19,8308.586,8713.276,8246.362,8710.362158222504,8330.075
86206,8048.46,8269.988,8520.313,8259.478,8516.165597460456,8155.73
86207,7851.48,8204.167,8268.154,7765.6577,8397.412837974545,8002.8916
86208,7690.51,8042.0312,8006.706,7549.4155,8146.918860124183,7869.1978
86209,7506.92,7704.037,7771.772,7533.058,7966.10347453388,7560.2085
86210,7194.91,7466.7476,7544.4106,6988.733,7898.26448880065,7256.0728
86211,6880.82,7123.064,7289.8105,6902.0547,7894.493554290764,7017.749
86212,6697.45,6899.665,7004.37,6808.576,7893.776882766879,6674.552
86213,6590.59,6775.2817,6789.4253,6674.2163,7893.776882766879,6603.2036
86214,6611.04,6771.3765,6681.2524,6698.8447,7893.776882766879,6588.257
86215,6667.32,6804.6606,6700.1406,6614.5547,7893.776882766879,6661.3203
86216,6994.37,6982.0874,6879.256,6917.8276,7894.259117291861,7038.898
86217,7313.09,7409.9365,7371.128,7344.085,7902.995370151044,7384.422
86218,7882.93,7747.421,7612.7373,7936.7544,7927.116974260139,7706.367
86219,8454.02,8576.827,8109.4346,8619.827,7933.425324418193,8372.806
86220,8989.95,8937.303,8677.37,8848.941,7939.416531877475,9010.946
86221,9480.06,9402.397,9182.348,9938.221,8169.136227881803,9411.322
86222,9754.4,9566.9795,9616.993,9765.145,8522.267528029533,9866.967
86223,9945.64,9728.365,9905.685,9882.63,8849.685430065301,10109.239
86224,10205.44,10014.599,10088.813,9873.926,9103.351815106853,10253.166
86225,10561.68,10430.871,10235.528,10452.168,9320.705759194543,10397.665
86226,10735.26,10461.784,10331.029,10743.598,9491.709938182208,10599.096
86227,10858.15,10515.67,10444.555,10735.848,9568.288326129728,10784.392
86228,10972.1,10559.773,10523.049,10719.074,9609.321168651964,10915.452
86229,11077.14,10623.378,10585.847,10648.21,9632.683909290636,11124.214
86230,11138.77,10772.854,10670.529,10596.473,9647.957419726414,11277.95
86231,11105.14,10913.452,10718.369,10550.978,9655.732647737974,11279.247
86232,11229.09,10985.4,10730.941,10884.658,9658.593108589725,11274.963
86233,11354.06,11039.617,10743.355,11120.601,9662.123002405162,11306.819
86234,11342.74,11108.77,10724.975,11161.853,9668.114449470391,11307.507
86235,11301.260000000002,11148.542,10749.516,11163.171,9681.93363257532,11315.283
86236,11240.85,11128.494,10744.166,11141.542,9687.35501538853,11258.218
86237,11358.58,11089.408,10647.803,11103.174,9686.658413358831,11215.021
86238,11354.11,11102.667,10580.525,11192.622,9683.720933334002,11246.233
86239,11337.73,11104.365,10543.528,11252.707,9675.89319729431,11205.995
86240,11077.0,11056.699,10513.147,10801.702,9681.711822280486,11135.196
86241,10948.37,10960.773,10500.027,10936.723,9679.259184752622,11087.938
86242,10644.45,10804.036,10475.196,10582.173,9666.847783188676,10981.18
86243,10397.09,10536.021,10328.078,10647.617,9657.780300065777,10802.364
86244,10175.02,10303.86,10191.419,10028.565,9653.169257079366,10636.2
86245,10005.1,9989.746,10048.171,9954.543,9650.446420923903,10461.822
86246,10062.6,9705.091,9963.653,9788.471,9648.330967200529,10231.781
86247,9950.54,9485.851,9907.289,9795.876,9651.665629077666,10050.222
86248,9583.81,9334.767,9804.431,9668.621,9611.21434160438,9841.415
86249,9215.56,9086.12,9599.045,9495.931,9554.804728195955,9622.519
86250,9072.67,8870.946,9307.843,9057.964,9301.317259768864,9358.602
86251,8819.119999999999,8693.081,9126.149,8947.704,9105.171197650336,9049.53
86252,8642.37,8417.756,8917.379,8916.171,9070.821626077071,8701.651
86253,8404.12,8307.874,8757.253,8608.175,8952.807582534055,8467.772
86254,8150.69,8226.944,8528.4,8147.2397,8534.917205367472,8246.859
86255,7885.41,8138.4062,8247.897,7882.3022,8394.330883911869,8063.8374
86256,7664.28,7932.145,7957.3228,7981.1284,8132.571420620631,7869.2793
86257,7440.68,7644.118,7729.819,7545.6836,7962.842965701757,7462.7554
86258,7107.9800000000005,7441.6226,7552.123,7158.4536,7898.750469674057,7207.083
86259,6876.49,7039.049,7318.7905,6912.3594,7894.493554290764,6981.4243
86260,6682.530000000001,6793.2607,7055.2935,6905.3345,7893.776882766879,6659.231
86261,6607.52,6782.346,6861.7964,6640.3096,7893.776882766879,6504.9067
86262,6631.62,6730.5493,6755.173,6611.1123,7893.776882766879,6622.027
86263,6694.8,6717.982,6801.2974,6754.5176,7893.776882766879,6704.066
86264,6931.47,6943.132,6993.0664,6946.038,7894.259117291861,7055.9863
86265,7230.92,7362.7104,7472.012,7319.7236,7900.35015095896,7438.446
86266,7782.65,7690.2407,7700.13,7954.0127,7898.290127781249,7759.9775
86267,8384.73,8413.386,8138.74,8595.6045,7918.872802281819,8381.483
86268,8785.7,8892.025,8650.174,8835.645,7976.427257567452,8949.627
86269,9295.35,9262.051,9049.881,9231.973,8018.020686028479,9311.301
86270,9540.97,9382.31,9406.949,9464.805,8417.167490970784,9754.788
86271,9715.03,9553.378,9641.004,9680.858,8813.335140611778,9939.764
86272,9909.28,9794.791,9825.049,10074.6455,8995.51047402774,10019.074
86273,10038.93,10169.399,10011.529,10360.32,9291.045677218988,10166.115
86274,10118.85,10169.596,10154.422,10490.998,9446.227036691576,10332.761
86275,9867.44,10195.576,10225.255,10492.73,9497.081441005048,10509.708
86276,9968.02,10233.056,10240.15,10398.695,9540.675729861608,10669.96
86277,10288.14,10266.644,10250.47,10467.361,9589.618988151158,10763.757
86278,10332.53,10353.014,10294.821,10494.056,9617.71876029191,10797.876
86279,10314.62,10412.212,10307.613,10488.596,9626.447099839328,10771.693
86280,10365.4,10431.315,10296.0205,10447.856,9628.963450855716,10800.15
86281,10391.8,10498.396,10317.265,10414.084,9629.449431729125,10800.405
86282,10378.99,10557.742,10336.296,10430.416,9629.16972990045,10734.264
86283,10404.25,10569.961,10392.0,10334.861,9629.16972990045,10691.249
86284,10357.03,10535.439,10446.162,10516.511,9629.519752158065,10564.529
86285,10454.88,10400.658,10393.38,10558.345,9625.191772131822,10534.006
86286,10463.79,10352.927,10328.8545,10508.808,9624.044435027276,10483.155
86287,10407.06,10249.332,10224.66,10318.195,9627.502510911278,10307.053
86288,10267.94,9994.237,10109.077,10317.207,9629.16972990045,10173.525
86289,10102.7,9732.077,9932.149,10047.762,9629.16972990045,9992.206
86290,9729.57,9598.138,9745.818,9688.13,9629.16972990045,9865.119
86291,9550.78,9416.16,9522.32,9529.523,9628.797226284569,9651.565
86292,9345.59,9297.327,9327.652,9666.99,9622.473896158968,9463.112
86293,9231.96,9147.476,9183.172,9692.35,9617.1551606835,9380.317
86294,9241.71,9053.3955,9115.619,9432.224,9616.150729617024,9236.591
86295,9302.13,8937.164,9116.449,9015.755,9501.13195734384,9135.513
86296,9111.91,8802.787,9098.877,8723.486,9433.885844714729,8973.571
86297,8834.139999999998,8711.301,9002.942,8577.812,9236.71468968833,8819.429
86298,8776.39,8569.002,8874.862,8571.456,9058.50175714617,8672.578
86299,8604.26,8446.036,8804.73,8695.933,9039.553631486882,8576.59
86300,8438.0,8308.906,8702.224,8478.624,9039.26924575163,8427.942
86301,8267.3,8272.953,8588.464,8197.534,8945.406489081706,8341.617
86302,7948.22,8185.872,8404.369,8071.533,8543.875533301718,8271.358
86303,7708.56,8051.0015,8143.139,7909.445,8338.384141607461,8128.0586
86304,7473.72,7837.0806,8023.054,7486.1245,8090.381960728883,7538.509
86305,7213.36,7522.423,7810.4536,7267.762,7929.503846991163,7465.866
86306,6893.25,7195.833,7539.26,7063.882,7866.768509322175,7189.9126
86307,6629.62,6868.2046,7203.293,6658.323,7862.997574812291,6916.4355
86308,6442.55,6695.5215,6877.52,6553.315,7862.280903288404,6530.1353
86309,6346.8,6600.361,6642.6733,6473.9023,7862.280903288404,6414.7437
86310,6324.64,6500.2485,6491.5625,6361.4673,7862.280903288404,6474.4775
86311,6325.32,6435.1997,6462.312,6449.47,7862.280903288404,6349.7896
86312,6422.41,6469.0903,6535.419,6510.2104,7862.763137813386,6543.5435
86313,6432.17,6621.9204,6751.611,6507.48,7871.499390672571,6510.794
86314,6642.0,6682.799,6873.315,6867.3115,7871.499390672571,6682.9097
86315,6960.28,6899.965,7122.917,7115.255,7901.244031568121,7017.6953
86316,7320.87,7247.059,7459.5034,7396.202,7920.808727292749,7392.9834
86317,7700.4,7712.596,7753.841,7642.463,8002.019138828376,7719.682
86318,8026.47,8073.231,8039.2905,8016.7314,8083.843257965703,8109.078
86319,8340.17,8251.704,8275.157,8465.077,8176.474706105103,8290.206
86320,8599.07,8393.738,8448.35,8532.855,8335.62812110476,8477.223
86321,8607.47,8577.774,8608.58,8863.854,8780.266169905124,8711.787
86322,8766.32,8732.803,8679.695,8850.92,9147.83215197801,8910.04
86323,8726.94,8718.565,8729.66,8951.559,9266.127725335458,9034.044
86324,8725.8,8680.067,8676.869,8958.8545,9309.787958970686,9037.005
86325,8739.91,8669.575,8669.612,8893.76,9433.12217336628,8983.902
86326,8730.05,8669.22,8753.988,8906.854,9476.038816452538,8949.719
86327,8676.62,8656.781,8827.247,8965.307,9473.049667640253,8877.895
86328,8706.94,8629.736,8871.176,8798.471,9469.224468733362,9000.471
86329,8673.62,8631.666,8872.13,8766.362,9400.82098552442,8999.432
86330,8689.01,8646.286,8846.275,8795.537,9350.10962097286,8974.716
86331,8722.71,8651.461,8802.807,8763.171,9292.682524464984,8970.479
86332,8758.53,8618.776,8757.113,8853.349,9274.541857109432,8958.155
86333,8800.54,8537.968,8716.078,8842.6875,9275.90049820551,8942.871
86334,8825.8,8493.168,8658.603,9030.095,9253.871087753916,8860.526
86335,8841.9,8489.911,8612.165,8876.067,9187.896481171578,8764.679
86336,8718.52,8497.671,8560.9,8786.936,9182.54713779096,8713.811
86337,8692.14,8485.27,8474.896,8612.998,9032.897023825784,8642.492
86338,8643.35,8487.836,8413.65,8447.119,8979.349563058931,8571.883
86339,8510.24,8450.588,8322.205,8386.261,8968.188550909917,8495.604
86340,8348.76,8444.093,8266.492,8272.101,8938.488389460412,8435.815
86341,8257.95,8352.054,8199.301,8217.993,8950.64391924845,8382.967
86342,8244.88,8287.172,8160.8774,8202.636,8989.009113309337,8296.914
86343,8309.18,8218.7705,8144.9277,8098.045,9010.669420371756,8165.2705
86344,8222.97,8192.773,8140.003,8217.298,9003.009691782745,7997.505
86345,8068.83,8111.319,8076.961,7819.1675,9003.009691782745,7891.702
86346,7946.74,7988.9434,7982.3,7888.709,8985.06887829859,7829.7905
86347,7815.45,7907.9556,7912.305,7838.694,8924.859866692335,7859.965
86348,7753.92,7806.467,7819.341,7977.815,8696.498095096073,7774.474
86349,7586.01,7750.549,7722.1143,7566.2324,8327.284222898737,7668.724
86350,7321.49,7620.5557,7555.6445,7593.688,8042.506308895307,7530.366
86351,7107.15,7450.844,7321.7617,7352.038,7987.37827008158,7283.4067
86352,6905.44,7069.3086,7111.834,7021.7266,7910.400312955241,6936.943
86353,6685.05,6921.471,6895.565,6884.341,7877.350156139103,6812.8374
86354,6420.49,6724.46,6694.244,6651.7266,7866.768509322175,6662.7944
86355,6235.78,6466.7124,6461.1987,6314.323,7862.997574812291,6323.9214
86356,6065.24,6315.865,6242.744,6216.986,7862.280903288404,6033.364
86357,5992.03,6275.1865,6076.1836,6141.8574,7862.280903288404,6095.751
86358,5974.2,6142.374,6013.7944,6084.927,7862.280903288404,6166.6655
86359,5968.51,6187.277,6050.589,6039.445,7862.280903288404,6019.7725
86360,6016.01,6203.1934,6149.4717,6051.893,7862.763137813386,6255.307
86361,6005.39,6314.02,6373.387,6140.6895,7871.499390672571,6347.075
86362,6104.039999999999,6335.02,6390.9727,6259.6533,7871.499390672571,6369.075
86363,6310.36,6438.443,6499.0107,6434.0454,7871.499390672571,6452.4136
86364,6617.23,6654.482,6705.562,6731.9,7871.499390672571,6736.1787
86365,6986.72,6970.115,6956.7983,7126.2344,7871.499390672571,7002.1772
86366,7313.32,7296.8496,7234.1704,7487.965,7871.499390672571,7406.4497
86367,7618.65,7573.892,7490.306,7669.5996,7959.117464537052,7773.102
86368,7902.21,7834.146,7717.0986,8078.552,8048.522618984666,7996.7163
86369,8118.4,8081.9907,7948.0474,8242.482,8274.024590141464,8128.251
86370,8240.1,8286.303,8119.187,8403.362,8376.281790129045,8236.696
86371,8269.32,8479.213,8296.594,8451.263,8538.894632729047,8439.875
86372,8339.51,8564.735,8407.289,8493.102,8706.647200603484,8532.946
86373,8393.03,8584.62,8492.184,8510.768,8815.51967595495,8570.804
86374,8496.69,8560.564,8562.175,8549.22,8825.659197312269,8635.972
86375,8481.54,8501.988,8594.639,8726.841,8776.346819847695,8631.719
86376,8521.15,8490.84,8599.775,8510.361,8784.952262251634,8649.228
86377,8493.49,8492.39,8605.838,8524.047,8757.238174117827,8707.57
86378,8519.37,8411.209,8573.909,8377.5205,8760.293883596683,8669.663
86379,8552.41,8383.042,8594.328,8386.373,8759.182882824158,8677.682
86380,8632.61,8380.206,8616.36,8405.137,8626.797021052447,8609.425
86381,8756.16,8395.434,8603.653,8417.008,8508.80878370179,8617.128
86382,8774.66,8436.172,8569.912,8392.644,8459.905568082348,8639.181
86383,8778.73,8439.261,8543.159,8364.948,8486.345009671455,8657.836
86384,8775.16,8400.329,8527.6045,8434.061,8624.677889137347,8692.387
86385,8886.59,8333.311,8479.719,8467.785,8754.754515367775,8651.334
86386,8863.23,8375.574,8462.221,8750.948,8799.7626025762,8704.556
86387,8849.15,8459.129,8440.097,8389.345,8792.497440341083,8730.417
86388,8777.13,8527.671,8394.727,8375.07,8743.213206576269,8699.746
86389,8628.47,8480.994,8348.686,8425.74,8631.178115622113,8684.689
86390,8714.02,8428.259,8342.309,8486.961,8636.752623988374,8619.531
86391,8820.83,8351.109,8352.063,8457.388,8674.298108319776,8536.164
86392,8704.29,8340.769,8368.232,8576.014,8700.224250589872,8418.866
86393,8432.96,8276.5,8317.207,8335.795,8694.148431496487,8332.122
86394,8294.08,8134.34,8197.959,8108.53,8707.780949959737,8287.914
86395,8008.26,7945.5884,8123.824,7913.7183,8686.983769173095,8135.076
86396,7824.74,7734.381,8037.0806,7765.408,8511.395620859586,7835.7285
86397,7572.87,7611.208,7947.185,7592.4434,8269.704671280639,7665.355
86398,7315.62,7455.3267,7770.3926,7356.4253,8038.272239706458,7527.52
86399,7169.06,7289.372,7540.4097,7135.396,7987.37827008158,7357.9385
86400,7028.37,7064.0605,7179.0244,6894.6206,7910.189242348396,6894.354
86401,6882.56,6866.6553,6943.3926,7220.626,7877.350156139103,6812.4785
86402,6675.72,6731.6973,6765.0864,6514.602,7866.768509322175,6576.734
86403,6509.74,6473.518,6544.6045,6381.3496,7862.997574812291,6497.852
86404,6433.63,6279.465,6351.4365,6306.6943,7862.280903288404,6574.434
86405,6337.44,6452.094,6252.544,6345.935,7862.280903288404,6258.986
86406,6391.6,6447.891,6278.5073,6371.6094,7862.280903288404,6332.9717
86407,6430.49,6586.7734,6428.2104,6408.6274,7862.280903288404,6467.0205
86408,6699.06,6769.8135,6692.2144,6742.5054,7862.763137813386,6627.5522
86409,6909.91,7110.3203,7245.8315,7017.4985,7871.499390672571,7030.5073
86410,7506.36,7339.734,7480.2583,7686.4214,7871.499390672571,7315.069
86411,8082.77,7800.7603,7902.7485,8199.188,7895.620994781666,7928.7427
86412,8525.79,8562.367,8417.326,8557.564,7907.920552399001,8419.04
86413,9019.16,8991.298,8868.257,9133.506,8036.722272990742,8745.828
86414,9284.05,9121.208,9234.045,9227.405,8238.820328307316,9098.388
86415,9491.5,9334.491,9433.968,9790.514,8554.98470828397,9409.816
86416,9730.94,9634.061,9545.695,9876.887,8794.623160671721,9669.258
86417,9878.81,9821.341,9666.555,9867.606,8987.067207608377,9868.114
86418,9983.39,9857.951,9759.856,10001.239,9144.074845710866,9991.718
86419,10091.39,9962.756,9840.105,10021.027,9212.995587767722,10174.099
86420,10110.35,10061.11,9892.205,9961.29,9221.8604867492,10315.294
86421,10147.24,10059.182,9971.309,10017.312,9266.419530740748,10289.783
86422,10175.82,10078.376,10091.293,10026.268,9281.142415678269,10245.913
86423,10173.61,10090.917,10139.623,9971.209,9356.710243622116,10214.434
86424,10206.990000000002,10155.852,10131.905,10071.871,9342.283383434453,10247.605
86425,10277.8,10217.249,10112.542,9990.949,9369.013012467429,10237.414
86426,10316.92,10256.664,10062.927,9977.744,9369.595517739828,10174.63
86427,10343.71,10239.705,10028.147,9888.8,9369.290501886404,10162.297
86428,10320.83,10220.507,9996.251,10119.6,9406.352595285194,10123.325
86429,10394.41,10168.3125,9943.129,10169.965,9429.421208756272,10097.724
86430,10425.31,10106.739,9900.149,10201.124,9448.735086864828,10105.354
86431,10389.64,10041.713,9840.476,10142.17,9467.905260317571,10062.081
86432,10280.01,9945.31,9780.236,9981.752,9472.674555254349,10037.758
86433,10109.29,9813.684,9721.1455,10035.069,9469.85569474704,9998.769
86434,9720.02,9676.236,9643.621,9713.049,9466.945810746543,9914.27
86435,9469.66,9487.269,9516.902,9615.753,9474.517168418726,9801.28
86436,9099.85,9412.141,9418.308,9454.553,9472.17003925843,9713.8125
86437,8935.96,9236.024,9320.565,9436.133,9468.970815681005,9623.862
86438,8966.7,9098.227,9243.388,9329.442,9465.125486098472,9435.636
86439,9020.98,8977.74,9247.957,9364.252,9438.817970959622,9320.87
86440,8850.09,8923.967,9254.128,8825.588,9448.923571125912,9162.755
86441,8575.67,8842.198,9171.202,8757.123,9464.389550367903,8954.914
86442,8547.27,8699.138,8975.307,8595.693,9353.071349636672,8748.804
86443,8319.89,8475.25,8817.966,8434.248,9206.494296317676,8612.493
86444,8234.43,8311.422,8597.36,8483.795,8848.602852129181,8389.447
86445,8131.17,8227.685,8390.118,8228.13,8679.022831584169,8161.083
86446,7867.710000000001,8154.069,8127.658,8051.576,8488.01156573272,7953.9106
86447,7684.82,8042.4,7817.759,7627.38,8253.525768036048,7765.004
86448,7537.42,7789.0513,7583.0293,7720.7437,7995.617290568686,7540.498
86449,7316.1,7400.1147,7367.0107,7467.029,7885.783853954258,7200.241
86450,7013.65,7171.8315,7160.312,6975.115,7867.612673125151,7136.656
86451,6763.3,6953.431,6896.749,6688.963,7863.841738615265,6847.9683
86452,6589.67,6744.6562,6665.455,6664.2983,7863.125067091379,6777.6475
86453,6487.090000000001,6668.863,6537.6934,6608.801,7863.125067091379,6636.677
86454,6487.01,6692.501,6508.7417,6699.263,7863.125067091379,6624.1675
86455,6541.71,6735.151,6611.6904,6730.9106,7863.125067091379,6681.8267
86456,6794.49,6900.4106,6844.948,6800.741,7863.607301616362,6868.125
86457,7014.06,7250.067,7364.3013,7149.0117,7872.343554475546,7303.1997
86458,7609.12,7538.0815,7599.5073,7699.723,7872.343554475546,7622.0254
86459,8141.29,8257.299,8072.9062,7994.3076,7901.715691755215,8270.853
86460,8557.78,8908.854,8622.1455,8575.28,7913.420663754752,8796.899
86461,8999.34,9169.787,9081.964,9088.256,8304.496072858856,9154.506
86462,9282.04,9306.597,9444.666,9356.342,8530.310325013279,9471.538
86463,9467.68,9493.155,9628.718,9421.137,8819.139322111147,9659.889
86464,9750.84,9819.727,9712.838,9840.42,9075.46321354136,9855.893
86465,9921.29,9988.612,9789.91,9927.035,9306.669956716203,10007.912
86466,10009.28,10021.359,9838.789,10085.555,9477.20612991929,10091.733
86467,10074.03,10080.07,9921.859,10060.349,9547.008611033303,10293.388
86468,10158.35,10136.369,9979.405,10058.96,9582.185595757226,10364.75
86469,9896.09,10127.653,10011.21,10101.896,9606.915734628254,10306.719
86470,10200.14,10144.89,10061.882,10059.291,9619.23200098964,10349.981
86471,10183.76,10180.457,10108.696,9895.008,9626.82385577515,10327.969
86472,10236.08,10228.739,10156.461,10183.828,9622.78299376426,10305.055
86473,10258.76,10252.671,10180.38,10041.475,9623.16326691632,10321.945
86474,10266.99,10276.442,10168.672,9969.855,9627.22479243495,10296.913
86475,10249.209999999995,10292.027,10144.032,9993.474,9628.892011424125,10278.333
86476,10174.53,10273.469,10093.907,9963.173,9628.892011424125,10257.562
86477,10249.86,10204.572,9997.356,9960.779,9628.892011424125,10194.963
86478,10231.3,10129.8955,9925.713,9987.934,9628.892011424125,10182.486
86479,10183.54,10056.214,9847.086,10010.591,9628.892011424125,10107.926
86480,10057.13,9958.983,9767.005,9996.175,9628.892011424125,10030.14
86481,9916.61,9798.395,9688.13,9961.374,9628.892011424125,9980.864
86482,9594.68,9589.753,9589.606,9547.6045,9628.892011424125,9864.451
86483,9385.62,9306.463,9395.805,9505.733,9628.519507808243,9676.886
86484,9083.01,9180.224,9222.357,9474.094,9627.076223323242,9496.278
86485,8929.99,9010.422,9050.329,9481.268,9623.03553450185,9290.739
86486,9013.56,8882.276,8956.325,9461.443,9616.877442207173,9094.519
86487,9099.69,8783.664,8943.284,9166.632,9615.72825182022,8965.444
86488,8854.170000000002,8755.383,8942.562,8883.254,9583.151182421856,8830.449
86489,8592.21,8692.498,8875.133,8562.131,9539.668510775477,8697.421
86490,8556.45,8537.519,8702.876,8426.126,9479.228816270335,8579.463
86491,8328.67,8397.126,8608.414,8495.304,9352.573499720118,8518.716
86492,8277.81,8254.594,8444.145,8487.32,8915.336216313013,8324.424
86493,8125.42,8197.649,8310.774,8156.235,8716.398242742673,8144.993
86494,7850.9,8151.7837,8117.3223,8076.6475,8496.760075175558,8007.625
86495,7648.91,8064.109,7853.395,7864.0947,8391.405349640796,7877.516
86496,7522.9,7812.195,7614.055,7618.374,8105.597404881053,7660.454
86497,7250.11,7505.9883,7396.8354,7387.9824,7931.980079419412,7307.7334
86498,6983.95,7278.062,7196.6704,7016.0713,7868.098653998558,7104.8877
86499,6678.93,7001.8438,6958.728,6716.6533,7863.841738615265,6785.377
86500,6527.84,6777.3394,6708.751,6623.1304,7863.125067091379,6640.8394
86501,6451.08,6671.716,6536.762,6535.306,7863.125067091379,6468.6777
86502,6482.67,6677.2476,6469.641,6524.2515,7863.125067091379,6490.022
86503,6550.38,6706.8433,6526.3647,6481.5547,7863.125067091379,6525.558
86504,6803.68,6852.5312,6741.9404,6635.427,7863.607301616362,6731.2744
86505,7060.84,7202.2427,7253.919,7117.852,7872.343554475546,7162.065
86506,7542.92,7523.8403,7499.831,7647.2026,7872.343554475546,7508.03
86507,8107.22,8290.633,7986.3906,8569.212,7896.465158584639,8183.65
86508,8552.34,8875.742,8520.328,8830.42,7903.141679415521,8686.908
86509,9047.38,9166.906,8987.767,9190.536,8309.91120682537,9090.05
86510,9338.84,9351.679,9369.111,9394.849,8610.163635318599,9513.603
86511,9642.49,9549.671,9599.724,9816.191,8798.767562693156,9729.355
86512,9921.239999999998,9881.623,9737.49,9921.213,9065.869399970445,9921.38
86513,10063.48,10082.869,9907.521,10034.008,9299.80214881538,10095.411
86514,10150.74,10131.659,10046.349,10163.027,9471.755103887815,10193.221
86515,10260.44,10198.811,10144.672,10161.307,9546.2354136333,10428.454
86516,10337.52,10282.707,10202.856,10136.908,9587.0119193862,10627.225
86517,10443.14,10347.979,10284.986,10094.305,9608.036858707545,10680.675
86518,10495.48,10412.436,10332.31,10347.4795,9620.083206512669,10698.634
86519,10503.94,10511.848,10441.761,10388.705,9628.548426815556,10772.028
86520,10600.22,10583.382,10496.775,10561.844,9630.71456160771,10769.595
86521,10749.57,10639.932,10550.791,10658.852,9634.70361578183,10792.605
86522,10866.81,10657.274,10550.747,10676.394,9637.033466327888,10774.175
86523,10904.729999999998,10643.076,10531.788,10715.849,9642.282752819989,10743.385
86524,10891.05,10650.642,10504.625,10621.503,9645.757234969971,10731.625
86525,10960.73,10588.584,10434.0625,10657.057,9648.678354081432,10656.969
86526,10920.08,10544.674,10384.219,10647.462,9652.788625704974,10632.464
86527,10923.9,10502.233,10336.552,10689.591,9655.731956504216,10569.305
86528,10803.46,10400.245,10245.62,10617.259,9657.206375182272,10475.882
86529,10693.98,10248.955,10121.939,10310.874,9658.383038658283,10408.693
86530,10359.21,10134.158,9967.452,10031.082,9658.674081152025,10295.387
86531,10131.65,9900.759,9752.56,10115.413,9659.250719846894,10093.666
86532,9854.9,9754.3955,9585.888,9701.118,9659.543827099624,9915.155
86533,9647.02,9525.015,9428.0,9594.276,9659.543827099624,9748.399
86534,9634.84,9334.777,9330.302,9721.657,9659.543827099624,9571.706
86535,9688.24,9188.87,9329.414,9475.796,9659.06159257464,9438.149
86536,9447.12,9084.272,9356.64,8954.416,9620.381411562088,9312.828
86537,9113.39,8893.302,9272.884,8754.549,9582.088955925276,9211.627
86538,9038.3,8785.902,9110.879,8612.412,9563.304290929813,9056.532
86539,8744.73,8588.398,9012.661,8477.688,9486.00800556318,8936.476
86540,8602.71,8375.396,8837.471,8449.287,9342.598034661638,8560.327
86541,8377.93,8291.6045,8668.232,8224.673,9087.20259347927,8369.813
86542,8126.06,8216.846,8415.765,7871.559,8635.435339361087,8229.76
86543,7883.01,8126.502,8106.846,7757.153,8444.6814296425,8020.9355
86544,7697.8,7841.3223,7811.3994,7531.817,8153.038624233106,7741.7085
86545,7454.8,7582.9404,7580.64,7412.348,7969.222909012413,7363.6816
86546,7124.84,7363.4233,7379.686,7161.1973,7898.26448880065,7149.426
86547,6924.24,7010.853,7141.5757,7059.637,7894.493554290764,6878.6006
86548,6775.86,6793.768,6881.785,6743.084,7893.776882766879,6584.8755
86549,6658.5,6758.703,6700.7915,6627.6646,7893.776882766879,6477.255
86550,6700.81,6770.166,6620.545,6693.6626,7890.547464976416,6509.4536
86551,6729.53,6778.3086,6690.984,6706.2812,7888.777855179057,6617.1226
86552,6968.24,6968.311,6898.869,6887.428,7885.432847680498,6927.5757
86553,7165.2,7362.3345,7409.08,7342.408,7890.6425755399,7360.74
86554,7764.98,7712.8325,7644.2456,7913.122,7888.292829142845,7707.2773
86555,8301.17,8448.311,8081.4346,8641.571,7907.731689541923,8348.226
86556,8652.23,8951.678,8586.315,8799.176,7911.497105446383,8875.675
86557,9112.000000000002,9212.037,9040.943,9638.861,8313.991291355936,9273.837
86558,9473.62,9371.063,9415.456,9818.082,8616.558845820775,9733.414
86559,9749.28,9544.916,9635.083,9824.958,8929.620322855933,9892.805
86560,10047.51,9815.316,9768.46,9961.503,9100.355841820352,10014.67
86561,10199.95,10081.526,9876.676,10191.165,9311.79831625388,10149.23
86562,10421.91,10133.0625,9971.075,10221.563,9477.483848395615,10289.702
86563,10504.25,10192.902,10104.137,10308.278,9547.622930793796,10438.611
86564,10467.54,10232.898,10232.891,10252.645,9587.346955246669,10547.583
86565,10474.48,10271.928,10331.284,10245.632,9608.812396791463,10670.622
86566,10425.8,10334.578,10428.614,10247.258,9614.543140444011,10736.174
86567,10434.05,10338.139,10439.77,10187.936,9621.09511126735,10735.118
86568,10387.62,10326.2295,10400.921,10152.854,9626.738811561543,10725.088
86569,10255.64,10341.778,10451.502,10138.2295,9628.892011424125,10602.054
86570,10079.61,10289.962,10514.655,10013.327,9628.892011424125,10439.491
86571,10005.6,10235.381,10493.219,9864.936,9628.892011424125,10438.804
86572,9878.18,10172.925,10408.031,9735.127,9628.519507808243,10419.079
86573,9705.36,10065.9795,10281.656,9757.582,9622.19617768264,10258.788
86574,9582.39,9978.871,10204.566,9777.602,9622.500478993628,10063.888
86575,9615.68,9875.968,10062.595,9788.261,9626.863558105471,9944.3
86576,9572.51,9814.705,9926.158,9972.969,9628.892011424125,9977.291
86577,9594.129999999996,9680.378,9783.447,9730.093,9623.268974637667,9791.062
86578,9403.11,9555.792,9642.994,9791.495,9623.16326691632,9556.47
86579,9213.98,9431.45,9448.41,9676.056,9627.22479243495,9458.04
86580,8993.86,9353.103,9299.169,9222.81,9623.268974637667,9380.709
86581,8949.15,9198.044,9175.722,9250.169,9623.16326691632,9298.762
86582,8978.68,9039.082,9094.689,9433.8955,9627.22479243495,9103.778
86583,8994.210000000001,8895.513,9083.719,9244.837,9628.40977689914,8987.978
86584,8781.87,8814.086,9093.266,9160.73,9619.673524039954,8883.881
86585,8530.68,8716.407,8997.39,8749.909,9619.673524039954,8731.313
86586,8483.23,8567.175,8824.372,8765.746,9613.68925292402,8624.107
86587,8245.1,8457.148,8693.932,8487.843,9605.998423534042,8576.839
86588,8215.07,8284.134,8526.582,8657.232,9580.685136614233,8459.818
86589,8083.06,8211.109,8375.65,8327.399,9424.916494833262,8348.257
86590,7847.47,8087.148,8162.173,8182.368,8706.405523397469,8202.112
86591,7655.29,7995.845,7915.146,7856.104,8445.605755184146,8055.6875
86592,7456.220000000001,7744.691,7686.668,7661.4683,8119.775527403816,7766.707
86593,7226.490000000001,7438.4805,7471.4585,7221.6484,7932.55108102037,7390.184
86594,6964.52,7182.3525,7276.9214,7016.313,7867.254490195583,7188.1216
86595,6727.05,6857.496,7016.4985,6663.122,7887.119178921384,6840.2354
86596,6546.17,6644.4033,6778.7524,6643.177,7868.957424119286,6667.3887
86597,6485.81,6653.147,6618.989,6498.7773,7862.280903288404,6462.1
86598,6449.02,6609.4473,6559.951,6449.8594,7862.280903288404,6420.5786
86599,6545.72,6628.3677,6634.372,6540.5796,7862.280903288404,6425.9863
86600,6793.83,6757.1045,6817.03,6747.88,7862.763137813386,6521.048
86601,7014.99,6993.81,7257.7314,7079.297,7871.499390672571,6965.061
86602,7557.14,7276.6123,7474.888,7708.4507,7893.297675570005,7234.1235
86603,8063.95,7798.5596,7889.912,8488.093,7906.0727693658,7937.5728
86604,8404.65,8491.835,8362.43,8512.601,7908.026260120348,8435.956
86605,8775.34,8743.373,8722.694,8827.697,8181.452970624137,8793.785
86606,9023.61,8911.636,9030.71,8829.264,8501.45910839168,9064.156
86607,9192.9,9129.729,9211.927,9236.395,8772.85629430627,9215.337
86608,9427.04,9354.126,9308.07,9297.522,9090.479449811635,9329.911
86609,9507.14,9391.664,9385.255,9321.434,9335.867450573787,9504.383
86610,9528.89,9415.498,9420.46,9325.394,9483.313513798645,9598.185
86611,9494.33,9465.972,9465.157,9320.5205,9545.380431267178,9742.078
86612,9470.4,9490.959,9428.479,9266.503,9566.033483880665,9743.158
86613,9437.37,9469.93,9430.856,9345.633,9601.3356488538,9639.151
86614,9383.72,9505.376,9510.128,9322.067,9619.32201342749,9620.435
86615,9375.24,9519.775,9545.379,9315.371,9625.979691972176,9576.739
86616,9385.37,9518.416,9566.236,9300.556,9627.189363131862,9569.32
86617,9357.67,9502.967,9580.774,9253.381,9626.97505066612,9555.105
86618,9340.12,9465.075,9557.501,9201.1,9627.385059698454,9451.403
86619,9305.39,9398.1455,9465.974,9249.212,9628.047847621148,9377.078
86620,9321.899999999998,9358.955,9366.483,9189.457,9622.424810834693,9322.868
86621,9260.88,9304.7,9259.733,9210.911,9622.319103113348,9233.969
86622,9277.83,9231.124,9156.202,9172.418,9620.757591845522,9147.18
86623,9270.07,9146.683,9034.141,9075.738,9616.696066326893,9060.925
86624,9165.36,9112.517,8938.786,9271.288,9620.651884124174,9046.824
86625,9076.46,9065.223,8857.021,9212.595,9620.757591845522,9033.051
86626,8773.58,8985.068,8782.854,8868.785,9616.696066326893,9015.371
86627,8617.1,8859.984,8666.938,8917.499,9590.90724322863,8951.296
86628,8501.93,8802.236,8585.572,8861.833,9584.230722397748,8838.747
86629,8360.43,8729.905,8510.281,9243.931,9584.230722397748,8751.408
86630,8420.27,8647.703,8496.261,8994.784,9608.352326506842,8572.039
86631,8542.9,8587.671,8524.907,8953.76,9593.35791248326,8439.41
86632,8353.83,8561.748,8580.6,8770.629,9553.609171936216,8344.478
86633,8175.34,8450.873,8530.029,7867.668,9530.169169410252,8213.338
86634,8191.65,8276.76,8396.493,7930.023,9460.725817436103,8166.642
86635,8097.69,8149.9556,8311.25,8235.194,9309.272191159836,8072.749
86636,8080.61,8024.474,8179.4194,8325.067,9034.015600103116,8005.4565
86637,7946.84,7942.8022,8041.653,8160.233,8721.837273309397,8028.7876
86638,7741.89,7835.4243,7840.9956,7758.4644,8475.738408394785,7997.8667
86639,7536.2,7678.892,7564.891,7658.7954,8353.3175570381,7914.6567
86640,7320.33,7433.191,7500.401,7080.7856,8095.722361177181,7446.1704
86641,7097.55,7220.5195,7291.7173,6957.404,7929.292776384318,7281.394
86642,6795.59,6928.196,7019.346,6731.18,7866.768509322175,6927.943
86643,6507.03,6663.013,6681.452,6464.975,7862.997574812291,6521.8813
86644,6277.95,6474.449,6352.8545,6278.418,7862.280903288404,6362.282
86645,6164.62,6386.029,6124.729,6247.1504,7862.280903288404,5964.3506
86646,6115.29,6291.976,6000.0874,6134.6523,7862.280903288404,6298.1616
86647,6125.64,6229.585,5993.6353,6239.813,7862.280903288404,5965.928
86648,6234.22,6331.848,6088.284,6304.5435,7862.763137813386,6260.9277
86649,6269.43,6410.2075,6312.581,6368.876,7871.499390672571,6377.6255
86650,6477.05,6461.5767,6425.2754,6632.4624,7871.499390672571,6454.467
86651,6708.51,6643.7183,6680.2476,6918.5337,7871.499390672571,6709.2773
86652,7009.05,6983.2915,7007.8516,7195.8237,7871.499390672571,7093.445
86653,7362.78,7434.2173,7321.7603,7550.979,7884.281857844972,7356.9434
86654,7761.16,7798.603,7607.89,7764.04,7993.675399008323,7733.94
86655,8027.79,8016.0894,7837.323,8041.294,8147.92690377183,7929.8643
86656,8333.36,8225.882,8021.092,8325.484,8275.215381123744,8138.901
86657,8363.98,8439.835,8182.531,8860.512,8614.966597144294,8347.65
86658,8438.6,8601.669,8254.784,8488.201,8850.640292441167,8501.838
86659,8425.72,8568.327,8313.095,8184.4097,9074.793064087344,8661.476
86660,8417.9,8494.155,8298.215,8265.886,9264.27583034324,8646.674
86661,8372.52,8455.796,8283.365,8374.867,9310.128667478288,8445.807
86662,8343.37,8380.026,8279.923,8298.08,9329.792084661593,8301.946
86663,8242.85,8296.977,8250.382,8147.4062,9349.93385853732,8151.652
86664,8191.22,8247.059,8202.574,8248.071,9345.47035790804,8154.271
86665,8085.53,8208.524,8174.7188,8282.338,9274.843274229695,8166.138
86666,8095.87,8147.1333,8132.859,8106.807,9262.470677599951,8180.6196
86667,8022.95,8125.082,8087.758,8041.618,9212.641946928516,8208.112
86668,8001.18,8106.411,8038.3154,8002.924,9192.507045008071,8175.386
86669,7968.75,8117.304,8080.256,7979.43,9245.11656596706,8226.022
86670,7915.96,8095.757,8144.605,7927.402,9238.24287548056,8205.274
86671,7924.51,8101.399,8130.68,7733.6567,9233.647778219018,8206.811
86672,7878.38,8154.995,8067.5723,7817.6543,9251.530827602164,8258.064
86673,7902.41,8141.5566,7987.6206,7991.9097,9253.27536721894,8219.468
86674,7880.48,8112.427,7928.435,8126.7627,9239.366464266994,8125.5444
86675,7825.889999999999,8083.0586,7859.407,8178.9478,9101.47457087822,7998.075
86676,7750.67,8106.355,7804.7275,8031.4277,8923.454047049247,7969.7334
86677,7784.409999999999,8073.5273,7750.7837,8158.542,8796.703147429625,7997.891
86678,7887.17,8015.486,7685.9263,7915.804,8676.630234816748,7837.1104
86679,8004.28,7957.9043,7694.15,7742.2607,8679.762869153526,7726.719
86680,7936.47,7956.0376,7777.7812,7877.809,8773.975511610817,7620.6685
86681,7801.48,7897.462,7796.3633,7543.6895,8691.915539776319,7527.8115
86682,7805.52,7771.467,7753.352,7738.622,8640.041982894034,7453.398
86683,7691.82,7639.8643,7682.1787,7755.865,8599.23019787057,7477.362
86684,7689.13,7518.8765,7574.007,7725.5947,8441.562629737053,7463.175
86685,7490.91,7458.624,7468.5493,7487.5195,8247.562129693239,7467.5674
86686,7292.07,7347.2847,7294.4785,7266.563,8038.272239706458,7430.288
86687,7130.5,7206.654,7070.1323,7045.829,7987.37827008158,7258.4263
86688,6951.93,6930.89,6904.545,6907.455,7910.189242348396,6867.63
86689,6746.36,6807.2217,6672.9517,6678.3955,7877.350156139103,6752.1743
86690,6528.59,6615.2524,6428.0176,6395.7427,7866.768509322175,6632.99
86691,6302.6,6354.4214,6141.835,6224.4863,7862.997574812291,6259.7383
86692,6177.52,6189.841,5887.5635,6017.6733,7862.280903288404,5861.24
86693,6064.28,6125.449,5700.5347,5928.9033,7862.280903288404,5822.63
86694,6026.09,5993.063,5627.2344,5908.006,7862.280903288404,6019.472
86695,6010.92,6037.259,5650.078,5945.93,7862.280903288404,5970.125
86696,6063.54,6063.0435,5751.691,5953.595,7862.763137813386,6112.4824
86697,6058.15,6187.4556,5998.201,5908.932,7871.499390672571,6145.5527
86698,6191.25,6204.8174,6052.479,6103.199,7871.499390672571,6141.883
86699,6330.44,6314.2676,6184.8125,6203.912,7871.499390672571,6178.225
86700,6530.91,6520.537,6387.6055,6226.124,7871.499390672571,6396.7383
86701,6852.75,6832.1772,6663.0913,6612.3086,7871.499390672571,6750.6436
86702,7206.15,7160.7764,6978.7974,7029.4717,7871.499390672571,7137.313
86703,7530.46,7412.5244,7279.127,7381.52,7959.117464537052,7485.2876
86704,7775.96,7597.647,7537.8833,7617.87,8038.565273244278,7725.771
86705,7896.32,7832.0854,7769.3423,7951.87,8164.0788928335005,7943.4453
86706,8000.609999999999,8085.4004,7927.433,7630.677,8238.66415486629,8035.745
86707,8002.48,8258.598,8044.565,7822.2344,8417.61862022954,8096.1577
86708,7995.14,8244.091,8100.8936,7947.5957,8541.893228164625,8088.8643
86709,7956.5,8197.631,8130.3423,7986.162,8589.200101574925,8044.9897
86710,7913.89,8143.2446,8135.7837,7862.4473,8597.008026628717,7938.5566
86711,7899.66,8101.0137,8119.591,7747.7095,8594.961948720698,7854.6436
86712,7816.56,8045.5767,8056.3096,7742.681,8585.229619397163,7918.479
86713,7779.56,8026.5566,8008.1284,7736.12,8582.340701177543,7954.502
86714,7732.75,7995.899,7937.526,7638.9673,8582.340701177543,7941.622
86715,7691.95,7962.9575,7893.362,7713.6313,8582.340701177543,7874.2534
86716,7724.62,7926.683,7853.866,7595.4375,8451.756274589128,7804.471
86717,7773.62,7908.3003,7838.9,7668.1235,8422.276881920101,7824.228
86718,7829.24,7901.046,7838.889,7703.731,8447.45320933024,7840.3945
86719,7901.53,7881.515,7831.132,7842.4404,8594.898983745217,7874.6807
86720,7896.73,7866.997,7823.9565,7871.8105,8710.943933920751,7944.3706
86721,8015.38,7858.0103,7889.1714,8005.549,8836.089321914296,7994.771
86722,8035.49,7880.745,8007.6636,8421.789,8888.041718665681,8045.2344
86723,7899.25,7911.5176,8107.91,8566.353,8890.366165408457,8063.722
86724,7871.62,7981.9067,8181.9204,8452.088,8926.801234359704,8097.326
86725,7761.86,7979.005,8169.8726,8585.002,8921.429600530097,8174.909
86726,7908.83,7912.142,8112.0576,8578.72,8869.110041327633,8106.7646
86727,8011.32,7848.0005,8078.048,8122.9424,8817.12450818971,7977.9053
86728,7835.43,7832.401,8067.3237,7984.8823,8933.420872927827,7939.8325
86729,7662.94,7817.1616,7992.851,7742.931,8958.58218072421,7852.9326
86730,7541.46,7773.219,7830.0747,7681.522,8768.278148145697,7697.4287
86731,7401.58,7713.0615,7680.3076,7628.2847,8680.67541901504,7664.795
86732,7343.73,7570.369,7505.2954,7591.9077,8511.395620859586,7487.066
86733,7096.93,7487.3223,7374.778,7451.9097,8269.704671280639,7377.093
86734,6912.599999999999,7346.793,7213.4727,7201.726,8038.272239706458,7307.0605
86735,6763.37,7175.1562,7024.202,7117.808,7987.37827008158,7161.0044
86736,6647.430000000001,6988.273,6890.449,6909.3027,7910.189242348396,6841.7
86737,6516.18,6884.5806,6792.083,6923.399,7877.350156139103,6776.683
86738,6299.169999999999,6891.883,6682.362,6550.4263,7866.768509322175,6412.5347
86739,6128.59,6390.606,6525.041,6172.1167,7862.997574812291,6346.461
86740,6028.35,6087.6255,6363.8184,6082.979,7862.280903288404,6194.3887
86741,5958.3,6180.1816,6262.2036,5949.748,7862.280903288404,5875.0874
86742,6002.35,6281.936,6242.2314,5987.7773,7862.280903288404,6127.2295
86743,6074.42,6281.0024,6368.812,6073.4165,7862.280903288404,6342.9526
86744,6288.89,6424.3247,6607.83,6177.534,7862.763137813386,6463.914
86745,6474.6,6650.218,7115.451,6338.4165,7871.499390672571,6614.5454
86746,7037.19,6860.473,7345.381,6799.469,7871.499390672571,6907.1577
86747,7472.81,7261.1055,7761.14,7135.6123,7871.499390672571,7423.879
86748,7831.14,7786.0337,8201.923,7256.9194,7871.499390672571,7902.58
86749,8273.23,8017.2837,8515.552,7596.0894,7871.499390672571,8175.323
86750,8483.84,8279.201,8718.752,8041.1753,8159.2775713106,8457.972
86751,8642.09,8621.694,8766.199,8103.05,8517.297164844806,8620.008
86752,8832.59,8833.744,8713.633,8212.246,8760.752207966121,8683.858
86753,8886.34,9041.159,8672.845,8574.989,8938.758411655004,8685.208
86754,8953.04,9005.103,8623.375,8726.684,9065.23342599968,8689.412
86755,8895.42,8972.945,8584.87,8581.236,9174.818856326172,8737.564
86756,8814.05,8998.96,8539.636,9038.973,9179.567782426931,8734.543
86757,8859.51,8997.271,8551.893,8671.568,9212.078807819717,8711.272
86758,8790.49,8946.44,8609.036,8532.459,9223.976571325222,8669.4
86759,8710.35,8886.505,8618.835,8831.415,9231.468106930372,8596.691
86760,8742.52,8840.848,8610.362,8924.8955,9237.360687761073,8547.281
86761,8710.06,8806.779,8570.656,8825.073,9238.717846119784,8516.045
86762,8741.63,8771.701,8517.905,8602.46,9239.20382699319,8513.001
86763,8719.3,8704.986,8485.806,8632.0625,9239.20382699319,8493.23
86764,8696.34,8687.747,8465.199,8624.479,9239.20382699319,8491.764
86765,8682.23,8696.852,8452.201,8623.465,9239.20382699319,8525.288
86766,8627.67,8695.981,8459.24,8603.359,9239.20382699319,8578.208
86767,8681.53,8723.183,8476.869,8545.102,9239.20382699319,8621.676
86768,8636.14,8737.088,8493.011,8567.553,9239.20382699319,8629.6875
86769,8621.97,8725.339,8460.414,8560.87,9239.20382699319,8614.866
86770,8563.8,8757.516,8415.661,8566.29,9239.20382699319,8607.558
86771,8468.08,8739.639,8312.973,8516.299,9239.20382699319,8577.749
86772,8342.91,8721.48,8195.454,8378.273,9239.20382699319,8558.026
86773,8272.79,8615.189,8075.6177,8638.36,9239.20382699319,8503.03
86774,8341.97,8497.047,7991.3535,8579.596,9239.20382699319,8395.076
86775,8454.18,8458.647,8014.3228,8574.524,9238.72159246821,8304.886
86776,8254.6,8431.503,8085.002,8656.688,9229.985339609022,8254.38
86777,8063.37,8284.688,8076.7446,8485.575,9193.606859562562,8109.9604
86778,8074.3,8151.6646,7994.04,8413.242,9011.30817330976,7937.9517
86779,7929.98,8076.889,7934.742,7765.637,8769.939035559904,7872.965
86780,7933.95,7945.376,7824.2603,7725.1953,8698.991511738363,7796.8174
86781,7815.05,7882.423,7727.698,7714.527,8622.93701154918,7792.4688
86782,7651.3,7775.805,7541.091,7286.649,8445.61073313858,7754.123
86783,7476.88,7691.459,7276.5234,7432.298,8220.341909291505,7745.934
86784,7309.12,7479.658,7200.354,7350.943,7963.975001825733,7512.1245
86785,7082.17,7172.918,7056.8164,7323.317,7878.263169320402,7170.378
86786,6784.33,6971.629,6871.896,6818.726,7866.768509322175,7151.054
86787,6514.87,6649.0186,6591.937,6596.9937,7862.997574812291,6754.6826
86788,6316.38,6403.556,6312.7754,6273.083,7862.280903288404,6592.6187
86789,6238.25,6495.547,6131.575,6202.7417,7862.280903288404,6323.5034
86790,6218.39,6420.841,6083.428,6116.5576,7862.280903288404,6449.223
86791,6258.9,6379.5503,6217.559,6320.0674,7862.280903288404,6487.9375
86792,6383.17,6503.3857,6499.5454,6403.944,7862.763137813386,6437.7524
86793,6629.18,6722.838,7069.8936,6579.672,7871.499390672571,6792.832
86794,7124.8,6972.128,7337.2266,6889.171,7871.499390672571,7097.9395
86795,7504.72,7543.6885,7818.183,7652.97,7893.297675570005,7656.452
86796,7818.03,8137.5303,8295.782,7701.596,7876.32812847025,8133.3896
86797,8214.79,8367.919,8633.52,7980.6665,8028.550477108015,8318.896
86798,8477.55,8567.136,8856.923,8598.016,8311.200986309032,8553.057
86799,8635.2,8729.503,8897.0625,8566.308,8636.957793520747,8767.173
86800,8830.08,8891.819,8830.25,9174.596,8902.00085607587,8962.481
86801,8908.15,9115.095,8803.7705,9209.425,9120.17686715578,9071.067
86802,8996.45,9298.332,8781.939,9249.788,9301.98348201598,9097.169
86803,9057.71,9264.682,8795.577,9193.486,9379.178262164764,9184.436
86804,9028.99,9263.077,8792.77,9464.536,9435.805930656608,9193.244
86805,9049.88,9241.053,8820.829,9350.8,9459.979644923427,9171.997
86806,9104.0,9207.737,8830.844,9319.103,9423.59161270692,9134.896
86807,9067.62,9196.195,8903.828,9334.023,9431.134395042154,9078.573
86808,9056.06,9194.665,8954.545,9409.828,9430.127986841457,9144.327
86809,9096.56,9181.742,9007.663,9397.015,9418.025321752108,9165.802
86810,9131.08,9146.538,8999.53,9386.951,9423.243971291193,9148.09
86811,9125.28,9154.654,8988.947,9492.051,9424.64422311521,9172.53
86812,9155.2,9123.133,8956.656,9498.866,9425.84822607784,9156.704
86813,9186.66,9093.299,8894.997,9477.149,9444.326170774511,9134.259
86814,9213.57,9058.791,8852.512,9510.944,9444.899424873449,9117.042
86815,9207.27,9012.43,8801.931,9527.036,9449.616092764863,9089.728
86816,9130.7,8957.75,8742.989,9475.663,9440.600667286226,9060.241
86817,9113.25,8932.428,8734.02,9497.432,9421.538670858485,9009.176
86818,8971.86,8878.74,8734.514,9796.922,9424.96571384084,8952.508
86819,8859.95,8813.738,8671.703,9813.896,9405.281218066408,8879.928
86820,8645.03,8776.998,8600.715,9684.711,9320.80912431932,8787.242
86821,8493.78,8647.514,8506.137,9180.929,9249.161172733578,8649.405
86822,8560.92,8541.456,8450.543,9714.34,9239.20382699319,8418.546
86823,8717.56,8496.288,8457.482,9606.759,9248.678938208595,8274.752
86824,8570.14,8478.167,8500.843,9756.263,9284.097549460885,8258.805
86825,8364.08,8405.736,8417.335,8149.108,9192.826439688652,8171.4385
86826,8358.88,8291.982,8253.312,8335.532,9044.557044228844,8072.6045
86827,8173.38,8187.3643,8145.147,8352.655,8787.38151597524,8028.436
86828,8141.36,8036.7734,7985.5225,8412.407,8734.779298053569,7948.0605
86829,8005.51,8021.618,7873.3516,8407.313,8636.15780356435,7927.462
86830,7765.34,7937.661,7689.7573,7607.435,8445.914523748643,7903.579
86831,7584.75,7846.531,7443.74,7787.5864,8356.351569452814,7822.08
86832,7457.56,7636.417,7297.3013,7440.4233,8097.975452315691,7564.5674
86833,7221.1,7315.0176,7118.813,7217.9736,7931.135915616438,7134.188
86834,6899.069999999999,7100.4434,6911.245,7232.246,7867.254490195583,7061.64
86835,6653.66,6715.3115,6621.921,6803.712,7862.997574812291,6706.8037
86836,6491.51,6452.736,6315.458,6358.762,7862.280903288404,6526.9385
86837,6390.42,6460.504,6134.7,6299.568,7862.280903288404,6245.8467
86838,6265.81,6350.2183,6099.047,6278.767,7862.280903288404,6370.282
86839,6305.73,6316.986,6231.6997,6249.8853,7862.280903288404,6401.3257
86840,6503.58,6489.316,6498.2173,6337.1963,7862.763137813386,6405.413
86841,6721.31,6735.6196,7028.4336,6294.422,7871.499390672571,6821.36
86842,7234.97,7048.228,7253.751,7273.1987,7871.499390672571,7024.623
86843,7667.08,7712.4736,7649.2544,7294.1025,7871.499390672571,7598.3345
86844,8028.34,8263.869,8092.107,7794.1113,7871.499390672571,8058.233
86845,8418.28,8622.8,8431.33,8613.042,8004.034132196802,8405.162
86846,8672.72,8720.217,8701.721,8990.852,8282.250644402257,8692.434
86847,8820.19,8936.598,8871.922,9444.187,8626.578810334844,8958.38
86848,9140.89,9100.689,8994.133,9750.586,8931.002505825567,9179.076
86849,9252.4,9311.835,9113.187,9720.4375,9188.7690313236,9368.372
86850,9326.41,9457.508,9198.719,9774.6045,9342.834193569062,9497.776
86851,9419.97,9551.186,9274.264,9688.014,9396.946909148155,9690.191
86852,9429.88,9589.307,9338.144,9696.069,9456.54473909422,9782.029
86853,9361.47,9576.427,9386.804,9765.55,9509.273225103576,9728.031
86854,9440.05,9643.354,9463.056,9727.542,9524.516838106172,9738.296
86855,9401.53,9689.136,9539.493,9778.305,9536.012122647457,9700.915
86856,9411.830000000002,9688.171,9584.105,9713.734,9538.141679274571,9691.7705
86857,9418.360000000002,9695.734,9603.756,9729.07,9561.49304635801,9709.092
86858,9409.65,9713.475,9607.899,9787.876,9579.727541079728,9732.367
86859,9408.5,9760.813,9605.7,9831.683,9556.03439699922,9754.773
86860,9417.36,9765.748,9572.234,9626.13,9552.168320925228,9736.032
86861,9400.7,9717.626,9523.513,9675.241,9580.897545073589,9699.922
86862,9420.58,9647.431,9490.37,9691.644,9596.925223685952,9656.601
86863,9425.64,9551.744,9422.139,9617.212,9601.035144991994,9591.3125
86864,9387.78,9469.132,9339.808,9599.6,9592.852158463516,9532.97
86865,9350.03,9340.787,9236.983,9444.611,9577.559612461384,9458.71
86866,9078.049999999996,9217.022,9140.449,9460.563,9575.665734114576,9369.039
86867,8964.67,9058.119,9002.945,9528.21,9579.72376805506,9235.863
86868,8727.84,8969.415,8890.479,9270.2,9580.088388121616,9099.908
86869,8600.81,8858.817,8773.603,9207.063,9527.582550492543,8895.728
86870,8647.73,8743.808,8681.83,9199.692,9373.17349807049,8681.516
86871,8821.2,8608.99,8663.629,9050.795,9358.599998638589,8571.709
86872,8662.82,8579.663,8707.989,8992.573,9376.887486782229,8482.436
86873,8437.69,8490.598,8649.276,7924.164,9407.801417717314,8343.119
86874,8452.03,8410.052,8504.819,8025.5264,9266.998051094444,8182.745
86875,8257.88,8357.169,8397.282,8037.517,9241.832406364309,8121.8574
86876,8219.9,8170.06,8215.62,8205.84,9229.985339609022,8132.6514
86877,8071.55,8040.73,8064.05,8251.764,9036.429989186916,8082.507
86878,7892.44,7942.0703,7847.9575,7984.7676,8569.85945597105,8012.5166
86879,7706.32,7848.6865,7574.2085,7795.39,8385.501197297812,7879.1763
86880,7531.92,7623.3223,7362.6025,7637.8633,8090.744519814656,7582.578
86881,7285.75,7327.634,7154.923,7161.262,7930.71293349855,7121.486
86882,6988.65,7116.7236,6956.1675,6909.174,7866.768509322175,6981.649
86883,6711.59,6703.033,6696.041,6655.734,7862.997574812291,6603.821
86884,6540.52,6483.211,6461.242,6491.926,7862.280903288404,6386.375
86885,6226.4,6576.5293,6325.2876,6469.773,7862.280903288404,6147.3765
86886,6106.01,6475.106,6282.491,6330.561,7862.280903288404,6467.186
86887,6174.38,6439.8813,6354.5283,6352.9673,7862.280903288404,6398.902
86888,6659.3,6612.086,6551.6074,6533.7847,7862.763137813386,6482.2803
86889,6850.84,6778.3813,7046.2783,6551.8125,7871.499390672571,6907.124
86890,7237.6,7048.843,7237.236,6956.035,7871.499390672571,7183.766
86891,7625.57,7639.43,7658.6626,7464.628,7871.499390672571,7806.185
86892,7951.15,8089.444,8132.67,7976.236,7871.499390672571,8173.565
86893,8322.68,8594.698,8509.716,8434.157,8116.356216193393,8485.307
86894,8375.77,8727.407,8827.406,8893.006,8324.350272882064,8728.213
86895,8535.33,8947.278,9037.257,9591.59,8691.415793425773,8964.415
86896,9052.81,9113.461,9167.072,9617.937,8953.018784930586,9221.712
86897,9284.71,9365.843,9280.043,9712.387,9179.855128707262,9383.925
86898,9382.74,9504.156,9334.54,9697.228,9336.768781942828,9515.712
86899,9414.29,9611.013,9421.858,9756.957,9440.586321447892,9736.688
86900,9395.24,9681.684,9485.827,9758.902,9500.90453749304,9871.198
86901,9446.03,9705.37,9536.374,9831.7295,9544.24066216982,9921.804
86902,9492.09,9725.753,9587.606,9782.352,9562.425091187712,9896.324
86903,9417.24,9730.193,9629.291,9855.655,9577.71742695308,9871.779
86904,9462.73,9726.514,9657.852,9750.991,9582.966660096105,9872.048
86905,9571.0,9721.454,9662.382,9743.157,9584.019651790904,9880.089
86906,9678.82,9736.566,9614.3125,9742.119,9584.019651790904,9802.695
86907,9752.48,9709.14,9533.935,9435.007,9608.352326506842,9724.559
86908,9795.83,9675.576,9441.827,9666.604,9615.02884733772,9648.469
86909,9902.1,9591.18,9351.73,9665.202,9615.02884733772,9566.451
86910,9983.670000000002,9433.645,9259.128,9636.668,9620.651884124174,9493.052
86911,10022.04,9313.852,9173.903,9690.33,9626.380628631976,9412.185
86912,9852.85,9246.241,9113.779,9333.095,9628.047847621148,9347.215
86913,9692.01,9175.71,9062.111,9695.456,9624.301907336088,9314.917
86914,9377.38,9132.74,9032.074,9702.658,9616.696066326893,9291.717
86915,9160.68,8992.802,8963.723,9906.867,9591.244718433134,9176.818
86916,8884.48,8914.874,8915.518,9185.041,9584.230722397748,9044.624
86917,8762.61,8810.321,8817.802,9108.839,9584.230722397748,8914.578
86918,8779.73,8714.477,8757.024,9180.845,9525.849642244344,8734.38
86919,8803.41,8616.423,8742.022,8981.508,9410.95195726906,8604.534
86920,8581.93,8573.351,8756.482,9042.582,9389.875477105386,8454.44
86921,8344.19,8465.679,8666.142,8163.1294,9374.955554529372,8303.63
86922,8337.73,8348.182,8503.168,8416.235,9059.990645873855,8256.178
86923,8159.43,8251.61,8388.679,8306.039,8779.13704804263,8246.75
86924,8183.59,8081.1646,8215.444,8247.487,8694.335444359585,8128.114
86925,7990.73,8049.0273,8086.0156,8250.514,8622.93701154918,8098.1016
86926,7710.7,7960.2583,7902.3057,7903.398,8447.648928323464,8048.1953
86927,7536.48,7870.5557,7653.23,7689.4375,8358.389764637699,7917.705
86928,7323.849999999999,7586.3926,7468.218,7276.9043,8100.864370535311,7652.8105
86929,7106.37,7210.62,7254.657,7211.01,7931.135915616438,7206.9136
86930,6790.73,7012.845,7040.3555,6742.478,7867.254490195583,7017.078
86931,6491.88,6598.5083,6780.0034,6367.545,7862.997574812291,6653.678
86932,6345.46,6378.157,6521.6807,6270.116,7862.280903288404,6433.6733
86933,6261.84,6441.464,6358.2065,6136.4517,7862.280903288404,6199.3843
86934,6231.54,6302.8354,6269.647,6141.436,7862.280903288404,6290.0854
86935,6266.55,6233.4526,6288.8354,6154.9404,7862.280903288404,6213.775
86936,6393.26,6366.895,6472.5156,6258.149,7862.763137813386,6216.2524
86937,6521.25,6547.0576,6986.429,6589.614,7871.499390672571,6790.9326
86938,6874.84,6787.312,7204.2734,6864.0015,7871.499390672571,7004.079
86939,7223.34,7328.5835,7570.86,7017.9194,7871.499390672571,7554.283
86940,7522.5,7756.495,7959.537,6948.5693,7871.499390672571,8025.7305
86941,7857.72,8005.6816,8268.246,7072.9893,7871.499390672571,8337.338
86942,8182.68,8243.181,8508.037,7983.9595,8164.490998998373,8506.751
86943,8310.38,8417.3955,8624.502,8394.691,8527.318376460373,8632.193
86944,8552.06,8579.703,8679.59,8478.838,8791.664065801218,8801.979
86945,8786.4,8775.446,8774.852,8563.28,9103.03597363258,8953.22
86946,8836.05,8819.016,8825.904,8604.046,9291.166712922435,8976.946
86947,8844.94,8894.579,8858.915,8548.027,9402.453233407616,9062.837
86948,8801.08,8894.079,8848.536,8592.916,9473.335931038684,9129.876
86949,8824.74,8881.996,8830.935,8639.596,9552.77893892095,8927.116
86950,8776.08,8855.086,8833.27,8534.742,9603.375569632206,8791.243
86951,8698.47,8840.327,8810.482,8545.679,9613.62831401858,8689.005
86952,8637.95,8782.204,8771.796,8495.174,9616.56698334772,8685.685
86953,8581.53,8719.55,8754.724,8465.942,9612.494457519217,8679.721
86954,8582.74,8656.879,8727.714,8557.915,9589.396935399933,8638.813
86955,8570.41,8633.943,8714.681,8596.457,9605.252976931348,8664.284
86956,8496.21,8621.903,8696.419,8535.699,9589.059460195427,8678.026
86957,8497.69,8610.7,8690.2705,8519.687,9584.230722397748,8651.403
86958,8494.3,8576.819,8686.796,8531.65,9584.230722397748,8602.239
86959,8505.5,8544.728,8661.161,8540.566,9584.230722397748,8545.559
86960,8449.48,8514.853,8617.65,8388.009,9584.230722397748,8506.32
86961,8363.05,8425.961,8530.49,8550.148,9608.352326506842,8435.633
86962,8065.73,8328.876,8416.134,8429.955,9615.02884733772,8328.624
86963,7875.63,8224.965,8237.825,8316.461,9590.90724322863,8186.638
86964,7727.85,8159.681,8092.315,8235.129,9482.486516615982,8072.7183
86965,7589.99,8071.5625,7978.375,8151.62,9179.92705717913,7979.4307
86966,7659.52,8009.003,7905.207,7996.739,9100.85022326781,7849.974
86967,7815.56,7947.7666,7901.354,7844.122,8982.10068945173,7744.4805
86968,7755.39,7918.313,7941.3896,8122.102,8924.140599934139,7689.4424
86969,7651.77,7863.8555,7899.315,7849.7236,8892.634924008767,7620.8525
86970,7825.600000000001,7810.105,7808.599,7843.106,8732.060910524706,7542.632
86971,7777.42,7757.81,7759.98,7705.478,8704.132854848573,7556.2935
86972,7850.93,7628.649,7675.564,7866.9644,8693.96443850134,7579.895
86973,7730.97,7550.294,7600.2944,7824.8213,8653.049689396588,7649.903
86974,7538.29,7449.417,7431.494,7629.084,8460.43415319023,7652.535
86975,7358.22,7319.459,7193.9585,7275.8066,8357.218517816269,7597.305
86976,7141.33,7163.2236,7062.5703,7103.0615,8095.759805243811,7150.8687
86977,6870.62,6880.2725,6884.2935,6902.568,7929.560283151419,7149.8154
86978,6557.8,6676.8853,6716.92,6523.799,7866.768509322175,6921.3486
86979,6237.94,6350.1963,6499.2974,6230.5557,7862.997574812291,6402.7656
86980,6024.32,6130.3906,6271.686,6033.4194,7862.280903288404,5652.0273
86981,5871.85,5895.37,6113.0737,5911.3745,7862.280903288404,5567.1777
86982,5786.53,5682.765,6026.084,5722.3022,7862.280903288404,5930.212
86983,5751.73,5565.944,6010.3877,5675.0996,7862.280903288404,5672.133
86984,5788.46,5398.8516,6045.3735,5630.059,7862.763137813386,5810.8716
86985,5770.23,5579.6553,6185.7036,5724.34,7871.499390672571,5939.6963
86986,5889.09,5689.1543,6198.3145,5816.784,7871.499390672571,6025.931
86987,6084.96,5890.492,6288.6357,6014.02,7871.499390672571,6179.793
86988,6314.61,6064.087,6430.607,6423.7065,7871.499390672571,6297.648
86989,6624.32,6276.565,6585.2476,6606.4385,7871.499390672571,6372.769
86990,6938.78,6447.8467,6749.762,7200.042,7871.499390672571,6696.4414
86991,7171.48,6637.085,6916.0923,7557.671,7959.117464537052,6871.66
86992,7448.74,6853.79,7052.1465,7441.9277,8039.040152078723,7065.27
86993,7513.82,7088.6274,7205.1333,7588.455,8403.296968205896,7323.2715
86994,7649.32,7287.956,7337.6587,8037.31,8627.812206890723,7441.072
86995,7660.83,7424.1577,7474.0522,8308.346,8755.507159375797,7513.5
86996,7652.79,7548.295,7587.7495,8319.966,8782.572618571847,7525.621
86997,7645.16,7654.4404,7692.5234,8170.9536,8831.190428317346,7547.8853
86998,7621.71,7693.696,7794.133,8315.646,8856.530840273008,7584.045
86999,7562.61,7721.867,7871.582,8262.918,8860.107544533084,7579.8296
87000,7466.48,7724.808,7910.4634,8247.502,8856.010722997133,7672.6353
87001,7416.44,7798.9653,7933.0957,8200.761,8841.192387807598,7759.1157
87002,7399.97,7787.861,7913.751,8189.0923,8810.994638910975,7722.5825
87003,7439.94,7752.1577,7891.9985,8204.645,8754.591435208391,7706.155
87004,7491.72,7700.0664,7857.556,8198.423,8731.583730782362,7663.372
87005,7582.030000000001,7680.0103,7825.773,8208.144,8691.254023638397,7644.7485
87006,7679.559999999999,7672.567,7798.5024,8220.465,8666.564673487104,7642.2275
87007,7730.97,7669.092,7758.1553,8226.355,8664.0865200872,7625.914
87008,7748.53,7675.51,7723.3037,8180.856,8664.549896574652,7661.998
87009,7792.88,7661.8926,7693.491,8284.444,8637.322514933052,7664.6406
87010,7769.18,7671.879,7673.8486,7976.976,8597.076686152446,7682.053
87011,7686.79,7698.2607,7637.67,8177.4155,8585.229619397163,7689.6943
87012,7690.13,7734.918,7605.988,7969.1724,8585.63801517485,7752.582
87013,7643.39,7795.3994,7580.382,7987.2456,8605.617023843894,7768.3105
87014,7691.86,7885.042,7563.765,7778.8022,8643.98221790478,7636.9634
87015,7913.18,7880.411,7571.572,8106.0664,8665.6425249672,7552.396
87016,7913.93,7881.0864,7605.149,8093.953,8657.982796378186,7472.073
87017,7830.92,7813.318,7594.2944,7992.3916,8657.982796378186,7455.821
87018,7818.18,7741.611,7537.4507,7622.78,8640.041982894034,7405.9673
87019,7704.04,7676.7534,7493.3286,7812.5615,8599.23019787057,7410.086
87020,7600.41,7511.2207,7413.8447,7592.264,8441.562629737053,7401.3774
87021,7330.45,7242.409,7336.1577,7320.03,8247.562129693239,7381.746
87022,7084.12,7085.2925,7187.5103,7190.298,8038.272239706458,7235.364
87023,6889.6,6945.145,6996.501,6954.2817,7987.37827008158,7001.0273
87024,6738.689999999999,6602.157,6857.32,6757.735,7910.189242348396,6495.84
87025,6527.42,6556.484,6644.306,6357.5044,7877.350156139103,6101.629
87026,6273.82,6395.0767,6385.9155,6081.4033,7866.768509322175,6159.285
87027,6089.680000000001,6051.3574,6111.9697,5960.1885,7862.997574812291,6056.9297
87028,5960.58,5796.325,5853.324,5942.1157,7862.280903288404,6001.536
87029,5856.78,6004.7617,5646.0024,5913.7417,7862.280903288404,5771.9297
87030,5835.59,5771.811,5495.3853,5871.549,7862.280903288404,5902.7163
87031,5840.12,5733.8584,5440.683,5937.227,7862.280903288404,5772.537
87032,5880.34,5852.649,5476.7666,5946.357,7862.763137813386,5946.45
87033,5887.42,6022.4463,5663.3584,5902.789,7871.499390672571,5854.925
87034,5914.26,6023.1655,5658.4023,5892.9116,7871.499390672571,5860.7964
87035,6009.45,6106.533,5797.082,6091.501,7871.499390672571,5875.65
87036,6283.77,6307.3735,6017.912,6236.808,7871.499390672571,5879.297
87037,6521.74,6598.156,6289.7773,6340.642,7871.499390672571,6173.1743
87038,6802.18,6885.084,6610.0986,6712.871,7871.499390672571,6702.501
87039,7082.23,7190.3833,6937.477,6814.224,7959.117464537052,7077.5015
87040,7389.64,7384.0957,7235.863,7655.134,8038.565273244278,7370.615
87041,7530.16,7559.719,7511.2866,7696.535,8154.121547093113,7593.804
87042,7657.37,7762.894,7709.7124,7468.496,8226.817088111005,7775.292
87043,7683.65,7979.281,7864.808,7807.4766,8387.156965423603,7930.091
87044,7672.93,8056.6323,7952.163,7802.5303,8514.222398472697,7937.337
87045,7608.41,8096.0757,7984.0083,7803.795,8576.417634402524,7851.434
87046,7638.66,8067.281,7981.3193,7782.2017,8584.225559456316,7823.7354
87047,7649.64,8005.764,7940.1255,7589.593,8585.004602980309,7765.6426
87048,7578.5,7963.7036,7872.63,7454.362,8585.229619397163,7839.994
87049,7546.46,7917.402,7790.287,7517.7324,8582.340701177543,7862.033
87050,7561.52,7866.608,7702.365,7747.758,8582.340701177543,7761.1836
87051,7648.72,7815.1235,7604.4863,7575.7593,8582.340701177543,7650.8765
87052,7789.5,7759.9834,7520.5576,7510.591,8457.40001848432,7600.517
87053,7900.1,7743.3447,7483.386,7510.591,8354.533902925306,7651.415
87054,7949.53,7769.0273,7481.601,7789.2812,8306.663548724326,7692.577
87055,8028.38,7879.9585,7532.273,7848.144,8323.4096746781,7818.3335
87056,8018.38,7908.795,7597.1523,7891.0786,8436.375349747444,7982.0522
87057,8090.36,7923.956,7659.0215,7941.75,8561.623238180193,8099.2812
87058,8042.96,7953.7676,7739.368,8045.7427,8618.761862903973,8187.0137
87059,8075.99,7927.7524,7749.0757,8028.4775,8618.86757062532,8194.997
87060,7997.56,7936.96,7704.419,8028.4775,8623.318000112768,8202.519
87061,7960.86,7803.7944,7703.313,7950.934,8623.841845478037,8218.158
87062,7920.99,7670.3564,7695.0547,7901.6055,8642.962413413641,8013.7744
87063,7809.85,7639.9478,7736.146,8164.218,8676.63073666089,7808.5815
87064,7669.21,7654.2544,7802.511,7962.1465,8664.594628476201,7649.6787
87065,7457.21,7630.815,7761.309,7562.7046,8658.355209125399,7517.1265
87066,7371.42,7575.964,7645.3374,7681.4497,8675.31560603059,7372.9053
87067,7301.89,7489.4575,7497.674,7531.3027,8680.67541901504,7313.6475
87068,7288.960000000001,7351.7104,7330.955,7560.1416,8511.395620859586,7243.346
87069,7122.84,7253.5044,7165.723,7459.7715,8269.704671280639,7157.867
87070,6899.06,7075.1235,6889.469,7153.371,8038.272239706458,6975.8193
87071,6749.25,6892.9463,6611.9873,6972.4897,7987.37827008158,6728.2217
87072,6603.01,6955.967,6436.8296,6662.658,7910.189242348396,6393.223
87073,6480.459999999999,6678.085,6288.383,6686.677,7877.350156139103,6405.9062
87074,6248.12,6483.576,6157.865,6194.6,7866.768509322175,6336.235
87075,6069.5,6029.8105,5972.3306,5893.612,7862.997574812291,5931.14
87076,5934.84,5678.676,5780.2573,5845.732,7862.280903288404,5746.6685
87077,5882.1,5625.533,5624.2114,5828.222,7862.280903288404,5587.1504
87078,5866.820000000001,5803.768,5531.541,5874.839,7862.280903288404,5678.161
87079,5855.07,5894.382,5515.4604,5892.9116,7862.280903288404,5618.024
87080,5927.77,5807.439,5549.8945,5936.4795,7862.763137813386,5969.2266
87081,5962.73,6098.7983,5722.426,5926.0483,7871.499390672571,5976.5786
87082,6096.7,6211.506,5753.4165,5982.1724,7871.499390672571,6037.076
87083,6253.63,6496.4497,5915.7754,6386.3086,7871.499390672571,6257.841
87084,6417.44,6674.593,6134.645,6298.8677,7871.499390672571,6543.03
87085,6701.19,6794.6245,6372.8335,6185.5103,7871.499390672571,6798.062
87086,7017.259999999999,6871.2646,6614.1675,6335.6123,8003.058974728892,7057.878
87087,7311.35,7038.9985,6827.4243,7133.212,8213.65012168503,7287.664
87088,7569.39,7214.54,7013.8623,6671.7046,8447.638266439684,7493.254
87089,7754.21,7401.55,7195.5366,6762.8115,8656.39450025751,7648.848
87090,7900.33,7585.2646,7341.935,7251.4224,8898.580925391212,7722.731
87091,7907.87,7760.1997,7478.6157,7725.493,8979.45991334523,7880.4565
87092,7846.0,7908.6753,7571.06,7563.1016,9019.32307516101,8038.622
87093,7829.56,7856.9424,7638.5786,7519.796,9121.823494911056,8111.951
87094,7804.67,7787.3506,7697.6665,7468.0356,9113.33424875391,8133.801
87095,7741.29,7748.884,7728.5776,7603.09,9055.033524122397,8077.465
87096,7668.17,7728.001,7728.2183,7532.1597,9061.38873360076,8045.449
87097,7590.26,7716.57,7696.2124,7494.6665,8982.06598458944,7965.168
87098,7534.48,7692.361,7633.564,7499.348,9005.208538647774,7835.46
87099,7509.82,7700.8926,7609.803,7481.1943,8965.329406248718,7777.8643
87100,7436.34,7717.0337,7606.6924,7463.9697,9033.945165620918,7736.457
87101,7416.59,7716.129,7616.834,7461.2207,9013.291153600245,7750.337
87102,7392.23,7797.8003,7624.604,7377.9053,8952.550408871904,7756.3423
87103,7449.389999999999,7881.9395,7608.234,7335.253,8861.83361326237,7764.8804
87104,7494.35,7983.434,7599.5674,7405.125,8892.38331653316,7764.763
87105,7652.02,8045.7354,7565.158,7383.954,8893.611935957882,7739.006
87106,7580.76,8063.3447,7537.4326,7984.5366,8806.585886146444,7769.1255
87107,7564.26,8043.9707,7486.687,7978.8906,8718.937117408774,7741.323
87108,7527.94,8064.0796,7424.586,7941.0586,8703.182925885507,7770.903
87109,7448.47,7974.9375,7356.417,7807.749,8703.182925885507,7787.029
87110,7465.46,7907.262,7306.278,8009.674,8703.182925885507,7744.3623
87111,7488.76,7789.9844,7298.8945,8093.7383,8702.700691360524,7623.274
87112,7396.71,7739.3237,7315.4897,8222.365,8693.96443850134,7398.4155
87113,7278.71,7656.6514,7273.1113,7837.347,8693.96443850134,7259.468
87114,7350.37,7537.0947,7190.858,7960.6987,8693.96443850134,7188.1113
87115,7314.45,7492.944,7111.232,8136.8994,8693.96443850134,7177.065
87116,7349.17,7435.615,7006.001,8093.328,8693.96443850134,7133.822
87117,7238.12,7399.34,6927.459,7797.774,8622.93701154918,7075.8027
87118,7098.43,7352.216,6792.509,7593.345,8445.61073313858,7071.4023
87119,7011.0,7287.8823,6611.448,7272.75,8220.341909291505,7049.6953
87120,6872.28,7024.344,6673.815,7230.5938,7963.975001825733,6813.3525
87121,6677.98,6794.5454,6614.324,7344.0327,7878.263169320402,6663.82
87122,6424.16,6677.479,6449.021,6388.294,7866.768509322175,6812.7754
87123,6154.94,6418.0596,6174.833,6206.565,7862.997574812291,6591.7793
87124,5916.06,6074.5776,5898.9473,5883.0566,7862.280903288404,6392.1943
87125,5807.98,6112.7607,5702.8345,5919.9683,7862.280903288404,6074.872
87126,5752.8,6007.5703,5666.411,5628.2964,7862.280903288404,6385.3223
87127,5739.23,5873.1997,5772.9224,5669.7236,7862.280903288404,5925.468
87128,5791.86,6118.806,6006.012,5746.798,7862.763137813386,6015.2065
87129,5824.880000000001,6143.0225,6491.4746,5796.6816,7871.499390672571,6363.9814
87130,5954.07,6311.45,6683.062,6059.8047,7871.499390672571,6502.1963
87131,6095.31,6669.6587,6998.5,6416.6323,7871.499390672571,6908.8955
87132,6233.37,7165.4526,7295.277,6721.4917,7871.499390672571,7144.464
87133,6496.88,7522.705,7504.631,6632.906,8003.058974728892,7324.385
87134,6817.71,7715.4736,7660.292,6721.161,8126.032047820548,7620.8516
87135,7075.38,7847.594,7721.776,7609.9214,8265.592741930248,7895.548
87136,7336.18,8012.053,7727.9155,7187.267,8462.785711194361,8143.355
87137,7497.28,8197.392,7762.886,7204.3213,8693.826126759435,8324.135
87138,7660.14,8239.471,7803.5854,7376.02,8921.799991248785,8403.528
87139,7671.25,8160.2324,7850.784,7724.0166,8994.639296879564,8447.445
87140,7654.08,8113.7983,7891.323,7626.357,9076.90810476499,8365.397
87141,7637.34,8076.062,7922.538,7624.0513,9102.053322175629,8198.454
87142,7642.43,8022.4043,7961.7725,7581.3306,9127.328231817057,8077.6826
87143,7609.5,7978.419,7981.6743,7617.178,9167.692422866829,8011.3706
